Id,BIRTHDATE,DEATHDATE,SSN,DRIVERS,PASSPORT,PREFIX,FIRST,LAST,SUFFIX,MAIDEN,MARITAL,RACE,ETHNICITY,GENDER,BIRTHPLACE,ADDRESS,CITY,STATE,COUNTY,FIPS,ZIP,LAT,LON,HEALTHCARE_EXPENSES,HEALTHCARE_COVERAGE,INCOME
c51fcc0c-2ca2-7b18-a5a4-1b0111445b1b,2023-03-03,,999-78-5534,,,,Manuel446,Medina536,,,,white,hispanic,M,Marigot  Saint Andrew Parish  DM,829 Gleichner Mission,Watertown,Massachusetts,Middlesex County,25017,02472,42.359627628775904,-71.21475636863903,100.00,774.56,11564
21168d06-f015-df1e-24c0-39f93bc140dd,2022-12-10,,999-21-8451,,,,Vito638,Windler79,,,,white,hispanic,M,Mendon  Massachusetts  US,505 Abernathy Alley,Bridgewater,Massachusetts,Plymouth County,25023,02324,41.98513776458762,-71.01848913212143,100.00,1922.22,3105
53974561-310d-3a2d-4d5a-4d867945eabd,2022-06-13,,999-99-1362,,,,Denese626,Swaniawski813,,,,white,nonhispanic,F,Methuen  Massachusetts  US,719 Keeling Brook Apt 82,Scituate,Massachusetts,Plymouth County,25023,02066,42.15582675515298,-70.74656475043449,1674.00,2266.49,192601
f8960888-3ee1-42fb-4290-a9291b2fbbcc,2021-01-17,,999-17-5991,,,,Rodrick370,Emmerich580,,,,asian,nonhispanic,M,Hyderabad  Andhra Pradesh  IN,712 Dach Port Suite 91,Bellingham,Massachusetts,Norfolk County,25021,02019,42.02919927317068,-71.50138972137823,3408.00,5891.07,671273
3d7f3648-940c-7854-0776-440be87185d5,2022-03-06,,999-20-1368,,,,Marvin195,Bailey598,,,,white,nonhispanic,M,Lee  Massachusetts  US,139 Langworth Gateway,Springfield,Massachusetts,Hampden County,25013,01105,42.19015408706556,-72.4938211690038,455.58,10511.11,21463
d8e537fc-439e-3a67-dd1d-55767867a09b,2018-09-19,,999-76-2981,,,,Mickey576,Denesik803,,,,white,nonhispanic,M,Boston  Massachusetts  US,416 Hayes Light,Gloucester,Massachusetts,Essex County,25009,01930,42.62888331338224,-70.64262291834352,5336.46,4503.88,26647
844b98d8-16ee-58df-4083-d2d2e8bc4ebb,2018-05-18,,999-50-4196,,,,Daryl568,Cremin516,,,,white,nonhispanic,M,Chicopee  Massachusetts  US,666 Veum Esplanade Suite 20,North Reading,Massachusetts,Middlesex County,,00000,42.542799229961176,-71.0992414501081,6936.00,12993.61,101518
a28d59b9-199b-0cf2-51ad-9be0b2dbdf93,2018-10-12,,999-90-2466,,,,Ricarda574,Gerhold939,,,,white,nonhispanic,F,Raynham  Massachusetts  US,316 Hintz Throughway,Hingham,Massachusetts,Plymouth County,25023,02043,42.19928385555712,-70.84661701420183,6679.63,9951.67,81702
78042e25-df82-3742-82a8-090767cd7dce,2020-03-18,,999-64-9505,,,,Bryce11,Nicolas769,,,,asian,nonhispanic,M,Macau  Macao Special Administrative Region of the People's Republic of China  CN,844 Runolfsdottir Lock,Marlborough,Massachusetts,Middlesex County,25017,01752,42.35750195879833,-71.57625630459843,4310.66,2768.28,83159
d0fa8611-3af5-c777-3cb2-66c204107a29,2019-02-21,,999-76-6502,,,,Luann880,Lynch190,,,,white,nonhispanic,F,Carver  Massachusetts  US,492 Hudson Flat,Plympton,Massachusetts,Plymouth County,,00000,41.96258400393176,-70.8134092784048,6003.55,14182.96,87847
b3aab603-89d8-6c34-1fa8-5399e0dac4a4,2018-04-05,,999-83-5383,,,,Terrell212,Jerde200,,,,white,nonhispanic,M,Fairhaven  Massachusetts  US,706 Satterfield Row,Quincy,Massachusetts,Norfolk County,25021,02171,42.24760925950608,-71.07206938687266,5994.11,4171.04,26244
d5b9887c-20ce-542d-cb73-f487d64a5059,2022-09-18,,999-53-4067,,,,Homero668,Colunga237,,,,white,hispanic,M,San Juan  Puerto Rico  PR,783 DuBuque Approach Suite 11,Salem,Massachusetts,Essex County,25009,01907,42.50653150793781,-70.88225092692777,100.00,3707.62,25503
7522c5c1-e1ed-04be-554c-92bd0ae6ba60,2018-11-14,,999-85-3350,,,,Alise864,Graham902,,,,white,nonhispanic,F,Revere  Massachusetts  US,424 Dooley Ville,Gloucester,Massachusetts,Essex County,25009,01930,42.60387107378638,-70.67677460089585,6175.22,3080.35,65883
9a9cbaa2-f981-afea-d73f-cd4c192d02f2,2020-03-31,,999-56-8111,,,,Mark765,Rutherford999,,,,other,nonhispanic,F,Swampscott  Massachusetts  US,803 Beahan Bypass,Pittsfield,Massachusetts,Berkshire County,25003,01201,42.46579145830046,-73.25489543655745,5050.31,5086.92,33061
64e85ad0-c26f-57cf-22f5-2c5a02e7ea0c,2021-04-18,,999-19-7703,,,,Annette105,Kovacek682,,,,white,nonhispanic,F,Woburn  Massachusetts  US,180 Baumbach Parade Unit 77,Cambridge,Massachusetts,Middlesex County,25017,02142,42.36322815858889,-71.09203077533148,3408.00,2427.66,191530
2ee093cb-7380-9131-bdf2-eff70e4b5630,2021-01-22,,999-12-5606,,,,Dallas143,Spinka232,,,,white,nonhispanic,M,Springfield  Massachusetts  US,356 Hahn Underpass,Leominster,Massachusetts,Worcester County,25027,01420,42.58021936217335,-71.79992760689274,3288.00,4542.72,86934
a818435c-d2ff-5eed-a7ef-8a7db4350c19,2019-07-27,,999-40-3243,,,,Thomas756,Stracke611,,,,white,nonhispanic,M,Melrose  Massachusetts  US,410 Mueller Glen Apt 14,Westford,Massachusetts,Middlesex County,,00000,42.57848515689509,-71.47394461114236,5188.80,20494.82,702808
7c7585c4-7902-9996-4fca-3f45db1c9136,2018-04-16,,999-74-2195,,,,Jospeh459,Eichmann909,,,,white,nonhispanic,M,Needham  Massachusetts  US,379 Legros Ville Suite 10,Framingham,Massachusetts,Middlesex County,25017,01701,42.277137075006884,-71.45967759082261,6884.10,3097.75,111930
b0098229-5e83-5233-c522-5e98822e146e,2019-07-09,,999-89-6110,,,,Anisha16,Stiedemann542,,,,asian,nonhispanic,F,Peabody  Massachusetts  US,633 Larkin Track,Lowell,Massachusetts,Middlesex County,25017,01850,42.61038626273462,-71.3144382703729,5133.41,2797.80,91733
b51602e4-1073-7f2d-2788-2a1c9b698010,2022-08-29,,999-26-3144,,,,Rene434,Howe413,,,,white,nonhispanic,M,Hanson  Massachusetts  US,283 Hansen Light Unit 82,Ashland,Massachusetts,Middlesex County,,00000,42.30651105892762,-71.4716110672915,1644.00,1389.45,76734
ea4681dc-b032-6628-3ded-56d8d07d7e84,2021-07-13,,999-46-4653,,,,Daren950,Kihn564,,,,white,nonhispanic,M,Millis-Clicquot  Massachusetts  US,663 Botsford Terrace Unit 88,Ipswich,Massachusetts,Essex County,25009,01938,42.724063089918076,-70.79408408544559,250.00,7093.30,9316
108f1d8f-bd72-cb9b-e9e6-c9531a907c21,2022-08-26,,999-24-4729,,,,Wilford267,Leffler128,,,,white,nonhispanic,M,Franklin  Massachusetts  US,850 Jast Spur Suite 97,Salisbury,Massachusetts,Essex County,25009,01952,42.86481848369101,-70.82906614795807,3958.75,0.00,35199
c98cce2d-dd0a-95c8-2d59-1959471c8cab,2021-10-08,,999-12-9883,,,,Adrian111,Hand679,,,,white,nonhispanic,M,Marlborough  Massachusetts  US,766 Wilkinson Well,Sandwich,Massachusetts,Barnstable County,25001,02563,41.75626328516974,-70.49166300717783,3408.00,2998.85,90400
6548586a-f9a0-81d1-4070-209daa2ce6a3,2022-04-11,,999-52-4119,,,,Elda564,Schaefer657,,,,other,nonhispanic,F,Maynard  Massachusetts  US,963 Bosco Union Suite 72,Chatham,Massachusetts,Barnstable County,25001,02633,41.67038830584019,-70.0273876635711,1644.00,2607.87,69403
81e9ada3-37ce-d2d1-fca6-7bc77b22610c,2019-11-11,,999-19-9727,,,,Janelle257,Zulauf375,,,,white,nonhispanic,F,Boston  Massachusetts  US,790 Bogisich Promenade,Somerset,Massachusetts,Bristol County,25005,02726,41.80930950863165,-71.12812169563136,4332.00,4713.35,90640
385e03b6-ff43-5daf-ce95-35176ce250a3,2020-02-18,,999-79-7244,,,,Tiffani287,Johns824,,,,white,nonhispanic,F,Springfield  Massachusetts  US,514 Quigley Flat,Bridgewater,Massachusetts,Plymouth County,25023,02324,41.950382355612675,-70.96814044094722,4998.93,8841.65,153671
69e6d81e-a9dd-bb59-dd22-a503208d6b26,2019-03-07,,999-24-3832,,,,Ciera654,Daugherty69,,,,other,nonhispanic,F,Tewksbury  Massachusetts  US,101 Lebsack Fork,Brockton,Massachusetts,Plymouth County,25023,02301,42.046668263996146,-71.02588486844375,5599.20,8434.86,37989
a5fbe3b3-08f7-df63-9287-78ff5599eab5,2018-10-19,,999-68-4881,,,,Claude750,Balistreri607,,,,white,nonhispanic,M,Boston  Massachusetts  US,339 Cummerata Glen,Pittsfield,Massachusetts,Berkshire County,25003,01201,42.40000670754074,-73.31375071594867,5574.03,7752.09,48192
8470de4b-6228-e1d9-aa77-5c0ad59caf6d,2018-08-07,2021-08-18,999-55-6799,,,,Elden718,Turcotte120,,,,white,nonhispanic,M,Quincy  Massachusetts  US,1018 Tillman Pathway Unit 12,Hadley,Massachusetts,Hampshire County,,00000,42.3999870511809,-72.60903231165642,2358.26,36483.48,128990
f35715c8-d5ae-2bd3-bf20-48133893f020,2021-08-04,,999-81-1486,,,,Quintin944,Windler79,,,,white,nonhispanic,M,Brewster  Massachusetts  US,968 Kovacek Haven Unit 41,Hingham,Massachusetts,Plymouth County,25023,02043,42.202382057035685,-70.87501933895498,3438.00,3901.17,151646
a20e5dd0-99c9-937c-b5a4-8cc200a22429,2022-10-24,,999-36-7432,,,,Nakisha629,Gottlieb798,,,,white,nonhispanic,F,Stoneham  Massachusetts  US,707 Sawayn Boulevard,Ashland,Massachusetts,Middlesex County,,00000,42.30603229760151,-71.4456990702095,1644.00,1816.13,598022
997caab6-4cef-029b-f644-c3f0536f540f,2021-06-09,,999-77-9107,,,,Bennett146,Collins926,,,,black,hispanic,M,Chelmsford  Massachusetts  US,495 Strosin Ramp Suite 30,New Bedford,Massachusetts,Bristol County,25005,02748,41.65269683979281,-70.91911054785302,650.00,12353.52,15672
df116c82-ab17-6eda-1080-97299e34c7e7,2018-12-05,,999-71-1225,,,,Laine739,Bashirian201,,,,white,nonhispanic,F,Holyoke  Massachusetts  US,230 Spinka Club,Webster,Massachusetts,Worcester County,25027,01570,42.043341177143006,-71.81379597725746,7115.92,6610.91,147134
c6fb5729-8e66-8f05-26da-c07594fcf25f,2021-11-20,,999-46-1404,,,,Mauro926,Lehner980,,,,white,nonhispanic,M,Somerville  Massachusetts  US,998 Zboncak Bridge,Sharon,Massachusetts,Norfolk County,25021,02067,42.12044759110616,-71.16556595426486,200.00,5630.35,4640
b3053e11-6960-54e5-59cd-31e393f76a6e,2021-02-28,,999-74-5686,,,,Maragaret140,Fahey393,,,,white,nonhispanic,F,Northampton  Massachusetts  US,639 Huel Bridge,Wayland,Massachusetts,Middlesex County,,00000,42.34786603544034,-71.39883196242052,3416.90,3005.98,469717
6271d123-a742-84c7-00a7-755463e1015a,2020-04-23,,999-14-9117,,,,Nicky270,Gutmann970,,,,white,nonhispanic,M,Framingham  Massachusetts  US,960 Jacobi Dam Unit 16,Beverly,Massachusetts,Essex County,25009,01915,42.56338294977558,-70.8255117331422,4043.60,3616.04,47945
ee957947-ec1d-2f8f-e53d-624d3d5e2298,2023-03-27,,999-68-8225,,,,Rickey821,Haag279,,,,white,hispanic,M,Holyoke  Massachusetts  US,864 Mueller Well,Lynn,Massachusetts,Essex County,25009,01905,42.517452410672725,-71.04250668569425,671.77,0.00,40161
c2b67765-292a-b2e7-b42f-d1422c70afcc,2018-06-11,,999-38-1675,,,,Mikel238,Roob72,,,,white,nonhispanic,M,Holliston  Massachusetts  US,737 Osinski Center Unit 58,Arlington,Massachusetts,Middlesex County,25017,02476,42.45829921351353,-71.21115935138896,6092.89,2708.37,491318
2fd8857a-248d-9571-5e84-670a6caf7bc5,2023-02-02,,999-44-2503,,,,Vicente970,Lynch190,,,,white,nonhispanic,M,Randolph  Massachusetts  US,872 Crooks Camp,East Harwich,Massachusetts,Barnstable County,25001,02645,41.75122518228485,-70.04609718880978,620.18,0.00,128535
2efc86a6-f1c2-cbaa-0429-872f5b1aaf29,2020-09-29,,999-58-8305,,,,Iris667,Schaefer657,,,,white,nonhispanic,F,Greenfield  Massachusetts  US,352 Gutmann Crossroad Suite 48,Worcester,Massachusetts,Worcester County,25027,01606,42.286792812288226,-71.80202055790974,3830.80,4912.00,42120
bfdfc753-1442-7236-3713-38b0198049b9,2018-08-07,,999-99-1993,,,,Raymond398,Bahringer146,,,,white,nonhispanic,M,Bourne  Massachusetts  US,353 Conn Landing,Hadley,Massachusetts,Hampshire County,,00000,42.39546880580703,-72.52457110795424,5055.52,3804.14,128990
f30c491b-1d9e-d4d8-9e7e-6f024241988d,2019-03-07,,999-19-3180,,,,Marie754,Hammes673,,,,white,nonhispanic,F,West Springfield  Massachusetts  US,658 Waelchi Well,Bourne,Massachusetts,Barnstable County,25001,02532,41.772326926264974,-70.63048894504013,1155.20,7278.11,23303
7015a493-811c-c246-0d48-02faddb08669,2022-03-09,,999-25-6884,,,,Shanita956,Hodkiewicz467,,,,white,nonhispanic,F,Peabody  Massachusetts  US,487 Metz Well,Walpole,Massachusetts,Norfolk County,25021,02081,42.155861338385456,-71.23016233143066,1824.00,4078.32,73436
ac2500d3-f141-e30f-c5cf-c91633f5d241,2022-02-05,,999-45-6162,,,,Kareen958,Davis923,,,,white,nonhispanic,F,Somerville  Massachusetts  US,913 Bashirian Port,Wilbraham,Massachusetts,Hampden County,25013,01095,42.13670489977421,-72.41472794475028,1644.00,1994.28,66227
41672676-402c-7c31-39f8-b0205a8aba78,2018-09-11,,999-34-1283,,,,Renna830,Cormier289,,,,white,nonhispanic,F,Lowell  Massachusetts  US,833 Weimann Rue Suite 44,Marlborough,Massachusetts,Middlesex County,25017,01752,42.32943052324757,-71.57106525424676,6121.83,3162.48,95639
46372abb-fc59-33e6-01b0-1a544763e52c,2019-10-24,,999-86-8265,,,,Miquel905,Walsh511,,,,white,nonhispanic,M,Bridgewater  Massachusetts  US,324 Altenwerth Estate,Framingham,Massachusetts,Middlesex County,25017,01701,42.30390549750634,-71.47578710270298,5098.80,5359.05,135976
c0ecaf6c-f94b-e159-0f83-0ef2daeaf1ee,2021-10-22,,999-18-9085,,,,Faustina753,Leuschke194,,,,white,nonhispanic,F,Wellesley  Massachusetts  US,910 Casper Terrace,Leominster,Massachusetts,Worcester County,25027,01420,42.53343789277268,-71.74501497540437,200.00,5381.19,10898
53c0f6d3-e2ae-7e7d-de59-cd146f0c1eb5,2021-09-13,,999-45-2424,,,,Rubin812,Mohr916,,,,white,hispanic,M,Charlton  Massachusetts  US,313 Hirthe Junction Apt 51,Falmouth,Massachusetts,Barnstable County,25001,02540,41.61115360943477,-70.59661220846897,3402.56,7497.27,760281
5b6b5ba6-bc0f-8e48-9a2a-a66667113037,2019-07-16,,999-40-7524,,,,Ben667,Mertz280,,,,white,nonhispanic,M,Boston  Massachusetts  US,860 Kilback Heights,Milford,Massachusetts,Worcester County,25027,01757,42.20784808135218,-71.48345931708005,4401.72,3539.71,40987
6f1e04f8-7893-277e-6c52-b30f23c42195,2018-12-12,,999-32-2052,,,,Darron84,Keeling57,,,,white,nonhispanic,M,Braintree  Massachusetts  US,270 Funk Parade,Mendon,Massachusetts,Worcester County,,00000,42.13165728568823,-71.57686753783933,5567.60,5048.18,630422
46844b34-b636-4aeb-2778-2f3581ff6527,2020-06-20,,999-93-9174,,,,Nancee600,Adams676,,,,black,nonhispanic,F,Whitman  Massachusetts  US,281 Konopelski Skyway Unit 75,Somerville,Massachusetts,Middlesex County,25017,02140,42.42396471394275,-71.08441902071543,3560.80,2622.68,58721
db806ebb-41cc-3cc0-ac18-87832779143e,2021-04-09,,999-90-9108,,,,Benny518,Kilback373,,,,white,nonhispanic,M,Harvard  Massachusetts  US,241 Reynolds Lane Apt 70,Methuen,Massachusetts,Essex County,25009,01841,42.708777328683645,-71.21864464174045,3246.40,7193.69,58763
e61410ae-d9da-ec57-23d4-e7da17a97d2b,2022-03-07,,999-66-9706,,,,Genevive999,Mraz590,,,,white,nonhispanic,F,Bourne  Massachusetts  US,413 Schmitt Path,Danvers,Massachusetts,Essex County,25009,01923,42.606344006605234,-70.94096358823596,1734.00,4173.15,26811
cf2391fb-c11f-c361-3f87-8d79b07ecc60,2022-08-10,,999-44-5240,,,,Terry864,Bechtelar572,,,,white,nonhispanic,M,Westwood  Massachusetts  US,838 Gleason Rest,Whitman,Massachusetts,Plymouth County,,00000,42.08566024729759,-70.91184438213605,1644.00,1617.58,116654
73faf032-1c08-b50c-3dd3-45f1e8ec1434,2021-02-27,,999-76-6315,,,,Maximo817,Bayer639,,,,black,nonhispanic,M,Hanover  Massachusetts  US,1009 Hauck Walk Unit 77,Chelsea,Massachusetts,Suffolk County,25017,02149,42.367149677813636,-71.09947726273526,200.00,7832.85,4375
75d9cca0-c5a3-2bdb-2051-121d7c29a66d,2019-09-10,,999-91-4098,,,,Clemente531,Tromp100,,,,white,nonhispanic,M,Belmont  Massachusetts  US,378 Upton Common Unit 33,Agawam,Massachusetts,Hampden County,25013,01001,42.10121318266369,-72.65275641465189,2727.54,8428.84,24664
49807d06-5a03-8ca4-a9ef-b4e88014468d,2019-09-15,,999-19-7670,,,,Man114,Jacobi462,,,,black,nonhispanic,M,Boston  Massachusetts  US,423 Jenkins Ranch Suite 63,Wareham,Massachusetts,Plymouth County,,00000,41.71931716348226,-70.72280134517526,4030.40,4348.00,46196
6796902b-248f-a184-4dcb-50d9c954fe98,2021-10-06,,999-59-3360,,,,Juan88,Lebrón484,,,,white,hispanic,M,Wesley  Saint Andrew Parish  DM,1051 Lehner Passage,Georgetown,Massachusetts,Essex County,,00000,42.696591685405984,-70.99860802121061,3288.00,3464.99,167604
9186d853-19d5-8f17-6a39-8ebb58b1ca61,2019-08-16,,999-34-4477,,,,Twana617,Ritchie586,,,,white,nonhispanic,F,Springfield  Massachusetts  US,820 Davis Club,Brockton,Massachusetts,Plymouth County,25023,02351,42.05966769626617,-71.04745533943799,550.00,8789.13,8394
694819b6-8239-798e-9dd3-2bb24413517a,2021-02-18,,999-74-4796,,,,Anjanette878,Wisoky380,,,,white,nonhispanic,F,Taunton  Massachusetts  US,516 Farrell Brook,Hanson,Massachusetts,Plymouth County,25023,02341,42.02560171884037,-70.90071724082448,3468.00,2609.23,108097
b7bfe4f7-cb7f-3ec0-1bab-e9f026655fb6,2018-09-13,,999-79-7634,,,,Micah422,Sauer652,,,,white,nonhispanic,F,Belmont  Massachusetts  US,818 Russel Quay Suite 30,Westwood,Massachusetts,Norfolk County,,00000,42.24424506621822,-71.18359963895936,6844.85,6185.97,156009
2fb239f9-de3d-3160-83b8-358c249e7a60,2018-08-27,,999-77-9299,,,,Heide509,Brown30,,,,white,hispanic,F,Franklin  Massachusetts  US,1035 Brekke Divide Apt 2,Seekonk,Massachusetts,Bristol County,,00000,41.805936867586645,-71.3592915604574,6229.48,5426.36,285118
04536c47-cd83-8254-4574-3bdb840628af,2018-08-13,,999-34-7902,,,,Nathan164,Pagac496,,,,native,nonhispanic,M,Taunton  Massachusetts  US,792 Torp Rue,Malden,Massachusetts,Middlesex County,25017,02155,42.38524019339833,-71.02849677669964,7116.00,5540.41,69584
5d13e80b-8e3a-6c0e-1c98-323d866005d6,2020-08-11,,999-56-6887,,,,Giovanni385,Koelpin146,,,,black,nonhispanic,M,Fitchburg  Massachusetts  US,631 Keebler Orchard,Winchendon,Massachusetts,Worcester County,25027,01475,42.67485694873453,-72.01396039170024,17197.40,12824.21,52997
dcb6e947-d592-7983-1d70-852344773f63,2022-02-11,,999-95-8998,,,,Val761,Ruecker817,,,,white,nonhispanic,M,Amherst  Massachusetts  US,966 Cormier Overpass,Boston,Massachusetts,Suffolk County,25025,02113,42.38416981547402,-71.09217431780044,250.00,6399.37,13692
56551ecf-4f3d-c172-7e1d-47d79e0101d9,2022-10-04,,999-95-7936,,,,Shanelle862,Lesch175,,,,white,nonhispanic,F,Ashburnham  Massachusetts  US,754 Hilpert Crossing,Brockton,Massachusetts,Plymouth County,25023,02351,42.0898464163046,-71.05179712843885,1734.00,1929.59,103178
056e31fc-b45f-1d5a-40b4-7effa153a1f9,2019-07-28,,999-21-4076,,,,Pedro316,Benítez559,,,,white,hispanic,M,La Paz  Baja California  MX,362 Mosciski Arcade Suite 13,Agawam,Massachusetts,Hampden County,25013,01001,42.06804072791365,-72.67433581312572,549.81,8193.74,17745
8a5544b2-4c30-9260-7a35-db6e958f98aa,2019-07-27,,999-16-9904,,,,Yoshie761,Macejkovic424,,,,white,nonhispanic,F,Methuen  Massachusetts  US,1038 Schowalter Wynd Unit 78,Lynn,Massachusetts,Essex County,25009,01905,42.45773404407999,-70.9268690705907,5764.61,2924.68,506996
690bae1c-5b59-dd0e-9604-2bcd15a9792a,2022-09-05,,999-37-5260,,,,Eleonora961,Bahringer146,,,,white,nonhispanic,F,Haverhill  Massachusetts  US,658 Hyatt Dale Apt 64,Malden,Massachusetts,Middlesex County,25017,02148,42.44457696032963,-71.1161153889737,100.00,2824.20,4617
db8c1b01-4de1-4266-50fc-7f56e2d7c442,2019-03-14,,999-84-9357,,,,Cristy798,Fadel536,,,,white,nonhispanic,F,Taunton  Massachusetts  US,310 Watsica Esplanade,Newton,Massachusetts,Middlesex County,25017,02460,42.36027651677722,-71.20620384335258,5537.60,6210.87,75388
bdf84a25-0535-fd5f-7835-58c793dda235,2021-06-26,,999-45-6396,,,,Katelin466,Hackett68,,,,white,nonhispanic,F,Medford  Massachusetts  US,514 Bogisich Approach Apt 57,Norwell,Massachusetts,Plymouth County,,00000,42.13069192758154,-70.77285924610993,3378.00,6062.15,625089
e9adc827-04c1-83a7-2d4c-5e9d012a39c8,2021-10-16,,999-22-4308,,,,Kory651,Stokes453,,,,white,nonhispanic,M,Boston  Massachusetts  US,708 Reinger Highlands,Dedham,Massachusetts,Norfolk County,25021,02090,42.21699776644856,-71.2254376372094,3348.00,3927.14,27023
236a6ef9-1bf6-d593-87f1-e89d7faf0fca,2021-04-11,,999-48-6046,,,,Timoteo39,Adorno791,,,,black,hispanic,M,Ponce  Puerto Rico  PR,110 Romaguera Track Suite 25,Boston,Massachusetts,Suffolk County,25017,02467,42.228413461264815,-71.14229715522735,550.00,7945.55,5796
a5ebe3aa-3c39-0a9e-7781-9e29b48d9660,2020-07-07,,999-20-4162,,,,Candi549,Wintheiser220,,,,white,nonhispanic,F,Dudley  Massachusetts  US,158 Beer Haven Suite 69,Taunton,Massachusetts,Bristol County,25005,02718,41.87866927684689,-71.11405056964999,450.00,7271.87,16871
0056be92-2bf1-c8d7-ef59-cec698beff0a,2020-03-03,,999-65-8536,,,,Jordon466,Waelchi213,,,,white,nonhispanic,M,Dedham  Massachusetts  US,463 Skiles Crossing,Boston,Massachusetts,Suffolk County,25025,02130,42.33337716307987,-71.08721769044519,2214.00,17886.67,24848
aeed7d64-db74-5f39-65a7-311c02484211,2019-10-28,,999-81-1654,,,,Hanna456,Cassin499,,,,white,hispanic,F,Lawrence  Massachusetts  US,1025 Hirthe Skyway,Walpole,Massachusetts,Norfolk County,25021,02081,42.154809555351925,-71.22084356404986,6671.39,13323.45,34577
130d90d4-0f5e-2e53-8b29-ac840f8e694f,2020-03-24,,999-46-8183,,,,Lucas404,Urrutia540,,,,white,hispanic,M,Caracas  Capital District  VE,620 Carroll Park Unit 21,Chicopee,Massachusetts,Hampden County,25013,01020,42.14460115958462,-72.51466443343442,700.00,11638.67,13452
374890dd-df9a-ad0b-3f31-405c8a2d33ed,2020-12-10,,999-57-6250,,,,Jeraldine574,Walsh511,,,,white,nonhispanic,F,Nizhny Novgorod  Nizhny Novgorod Oblast  RU,507 Hane Meadow,Stoughton,Massachusetts,Norfolk County,,00000,42.09753817806327,-71.0551383082228,3288.00,3779.12,48457
23765af2-f8fa-ad17-6f38-96903fe3ccbe,2021-10-01,,999-14-7974,,,,Delta800,O'Kon634,,,,white,nonhispanic,F,Swansea  Massachusetts  US,488 Wisozk Lodge Unit 5,Great Barrington,Massachusetts,Berkshire County,25003,01230,42.19844185083774,-73.31500959721262,3288.00,2870.65,36097
828d9a4d-2d34-14ad-d9ff-94528ee8b039,2019-10-07,,999-11-5416,,,,Maurice742,Daniel959,,,,black,nonhispanic,M,Quincy  Massachusetts  US,665 Jones View,Boston,Massachusetts,Suffolk County,25025,02121,42.33278417017795,-71.0221809743393,5585.00,5591.20,90260
c41f8dd4-9116-3d53-c0b2-630c9b330fbb,2022-06-03,,999-82-9282,,,,Aubrey96,Stracke611,,,,white,nonhispanic,M,Lowell  Massachusetts  US,263 Marvin Branch Apt 54,Ayer,Massachusetts,Middlesex County,25017,01432,42.523452899581805,-71.55239105920081,1644.00,2106.73,66754
44dcaa8f-91db-097a-a202-6cd3d890de0d,2020-04-03,,999-34-4357,,,,Skye332,Haag279,,,,white,nonhispanic,F,Yarmouth Port  Massachusetts  US,578 Yost Passage Apt 25,Somerville,Massachusetts,Middlesex County,25017,02138,42.43271226227665,-71.12045054138676,4662.70,6401.48,44513
b03f4842-e909-2936-6434-872dee13b9fb,2019-11-09,,999-50-5255,,,,Darren774,West559,,,,white,nonhispanic,M,Essex  Massachusetts  US,599 Greenfelder Branch,Boston,Massachusetts,Suffolk County,25025,02108,42.382152409838646,-71.05045244777733,300.00,6871.39,2968
3737c948-d7df-0099-cb0c-ccbbb800b420,2022-08-31,,999-16-5885,,,,Sanford861,Pagac496,,,,white,nonhispanic,M,Lowell  Massachusetts  US,1079 Lehner Quay Suite 26,Greenfield,Massachusetts,Franklin County,25011,01301,42.58402423865368,-72.64512290621222,1644.00,2154.70,45410
06b8d6b0-c1ec-75da-8be9-71ca77efa993,2019-09-06,,999-30-7762,,,,Ira784,Bahringer146,,,,white,nonhispanic,M,Stoughton  Massachusetts  US,697 Gaylord Brook Apt 42,Sherborn,Massachusetts,Middlesex County,,00000,42.250795984231104,-71.34930356514558,5028.07,4902.74,110541
0f98ae3e-0051-baa5-c6eb-8dd3bf64f675,2019-03-04,,999-16-6759,,,,Hoyt490,Kreiger457,,,,white,nonhispanic,M,Toulouse  Occitanie  FR,285 Marvin Port,Attleboro,Massachusetts,Bristol County,25005,02703,41.85449648273525,-71.33526735523301,5893.15,7974.95,144439
631044f8-fced-b29a-fb70-d262763c1392,2021-09-28,,999-35-6533,,,,Romona686,Becker968,,,,black,nonhispanic,F,Pepperell  Massachusetts  US,528 Rodriguez Orchard Unit 72,Boston,Massachusetts,Suffolk County,25025,02152,42.29139267330293,-71.1617323149012,3250.95,1862.69,116780
33b277d2-2e99-8ea2-fab2-5aeaaaac2813,2021-05-11,,999-67-8839,,,,Riley817,Zulauf375,,,,white,nonhispanic,M,Nice  Provence-Alpes-Cote d'Azur  FR,769 Blick Dale Apt 53,Malden,Massachusetts,Middlesex County,25017,02155,42.38003402316807,-71.10746866410781,3182.18,3494.46,103214
412c684b-6369-9512-3f9c-3a9894f5e522,2021-11-13,,999-50-1910,,,,George991,Lebsack687,,,,white,nonhispanic,M,Medford  Massachusetts  US,768 Cassin Byway,Methuen,Massachusetts,Essex County,25009,01844,42.75983002141569,-71.15388448914356,3408.00,12858.65,156949
a4c05b6d-634a-f5cd-4a34-f229f7343d9a,2022-05-22,,999-48-4561,,,,Germaine912,Jakubowski832,,,,white,nonhispanic,F,Great Barrington  Massachusetts  US,327 Roob Trail Unit 46,Boston,Massachusetts,Suffolk County,25025,02134,42.268110346248974,-71.15410454386267,1734.00,2622.88,588023
4871a887-49d0-c6a5-42e0-ece364a1aed0,2019-09-05,,999-39-1959,,,,Carla633,Duran646,,,,white,hispanic,F,Bogota  Bogota  CO,839 Spencer Trail Suite 52,Chicopee,Massachusetts,Hampden County,25013,01020,42.152754534377664,-72.55414547874119,5339.27,26475.53,181046
14c80351-f6bb-3e85-6180-06f74db30a13,2020-09-25,,999-56-7215,,,,David908,Willms744,,,,white,nonhispanic,M,Newburyport  Massachusetts  US,608 Powlowski Overpass Unit 76,North Attleborough,Massachusetts,Bristol County,,00000,41.95966199390593,-71.34339549367219,700.00,8340.99,13746
1664e210-93bb-b283-9481-c6da8bd86d62,2021-03-04,,999-33-8687,,,,Robbi844,Padberg411,,,,white,nonhispanic,F,Taunton  Massachusetts  US,1024 Friesen Parade Unit 92,East Longmeadow,Massachusetts,Hampden County,,00000,42.08420334201933,-72.47054030075206,3408.00,3147.63,58766
30756cfa-c200-9fef-ffd3-a1accacb004b,2021-04-24,,999-25-8134,,,,Myriam433,Veum823,,,,white,nonhispanic,F,New Bedford  Massachusetts  US,759 Bartoletti Frontage road Apt 94,Wilbraham,Massachusetts,Hampden County,25013,01095,42.12688547200066,-72.38011910445333,3288.00,3231.09,105959
6de5a786-4ff8-ce41-92da-4eefa0814da2,2022-07-09,,999-43-3689,,,,Dane516,Legros616,,,,white,nonhispanic,M,Truro  Massachusetts  US,1000 Bernhard Ramp,Boston,Massachusetts,Suffolk County,25025,02128,42.37251275394813,-71.12059274746379,1644.00,2219.23,57646
ce6707e7-b040-bdbc-50e4-6a8da3b32d91,2019-02-13,,999-57-8658,,,,Collin529,Blick895,,,,white,nonhispanic,M,North Andover  Massachusetts  US,681 Hudson Forge,Arlington,Massachusetts,Middlesex County,25017,02474,42.41672335321544,-71.15189582778846,6475.87,4863.76,114231
49c7d146-5a45-ca77-2174-54271f426078,2021-06-19,,999-70-4618,,,,Twanna669,Nicolas769,,,,white,nonhispanic,F,Bridgewater  Massachusetts  US,287 Lind Dam Suite 32,Waltham,Massachusetts,Middlesex County,25017,02452,42.3955430005691,-71.26853539140711,450.00,7050.98,16128
5fa15ed0-edde-ebe9-95fd-3fbee4a3b6c9,2020-06-11,,999-88-8558,,,,Adrian111,Kunze215,,,,white,nonhispanic,F,Medford  Massachusetts  US,820 Erdman Green Apt 5,Southborough,Massachusetts,Worcester County,,00000,42.269853982251234,-71.49392437319894,3279.20,3392.11,83419
eab38a96-d7f8-bfc6-3e3c-5d79b5b62826,2020-06-16,,999-63-9188,,,,Abigail677,Mosciski958,,,,white,nonhispanic,F,Braintree  Massachusetts  US,848 Cole Lane Unit 49,South Hadley,Massachusetts,Hampshire County,,00000,42.28182751773603,-72.59037182135638,3560.80,3611.83,100978
43dd9442-5cec-f776-ce13-48059af139b0,2020-06-20,,999-58-3793,,,,Mina319,Beatty507,,,,white,nonhispanic,F,Worcester  Massachusetts  US,223 Bosco Arcade Suite 5,Plymouth,Massachusetts,Plymouth County,25023,02360,41.923857431728734,-70.66066392486758,4207.33,3696.72,63481
2a088d12-72c7-23a1-fbba-1caf5b1e3eb6,2020-01-28,,999-27-9376,,,,Terence292,Smitham825,,,,black,nonhispanic,M,Watertown  Massachusetts  US,1073 Howe Annex,Grafton,Massachusetts,Worcester County,,00000,42.257981636946376,-71.65956716860887,850.00,10224.52,11293
